student_name,title,hours_spent,completed
Ana Kowalski,Maze escape game,14,true
Ana Kowalski,Score tracker add-on,6,false
Ben Nowak,Sorting visualiser,11,true
Ben Nowak,Binary search practice tool,4,false
Chidi Okafor,Plant growth data logger,9,true
Dasha Volkova,Canteen sales analyser,12,true
Elias Hart,File renaming automator,7,true
Fatima Rahman,Two-player quiz game,15,false
Gustav Lind,Password strength checker,5,true
Hana Suzuki,DNA sequence counter,10,false
Julia Santos,Budget planner,8,true
